title,text,movie,final_annotation,Unnamed: 4,round1,combined
Can anoy one beat four movies in nine days!,"Like most of you I assume I am an avid cinema goer, it\`s one of my pleasures amd have recently been on a run of going four times in nine days, which for me is a record, can anyone here beat that?

To make it even better,  all were, in different ways enjoyable, they were

Barbie with the kids, funny, Ken stole the show!

Oppenheimer alone, really good, but a bit long, were all the courtroom scenes entirely necessary?

Talk to me with the wife, Ozzie horror, loved the ending!

TMNT with the kids, = great animation and funny parts.

Can anyone beat that for cinema going?",barbie,AUDIENCE_EXPERIENCE,,AUDIENCE_EXPERIENCE,"can anoy one beat four movies in nine days!. like most of you i assume i am an avid cinema goer, it\`s one of my pleasures amd have recently been on a run of going four times in nine days, which for me is a record, can anyone here beat that?

to make it even better,  all were, in different ways enjoyable, they were

barbie with the kids, funny, ken stole the show!

oppenheimer alone, really good, but a bit long, were all the courtroom scenes entirely necessary?

talk to me with the wife, ozzie horror, loved the ending!

tmnt with the kids, = great animation and funny parts.

can anyone beat that for cinema going?"
BFI IMAX - here are the available seats for Blue Beetle's opening Saturday Vs Oppenheimer. Can you guess which is which?,"I realise this is maybe pushing it for this sub but I thought this was quite funny. To focus it back on the box office, this is not boding well for BB's opening weekend numbers. 

To be clear the sold out screening is Oppenheimer and the mostly empty one is BB.",oppenheimer,AUDIENCE_EXPERIENCE,,AUDIENCE_EXPERIENCE,"bfi imax - here are the available seats for blue beetle's opening saturday vs oppenheimer. can you guess which is which?. i realise this is maybe pushing it for this sub but i thought this was quite funny. to focus it back on the box office, this is not boding well for bb's opening weekend numbers. 

to be clear the sold out screening is oppenheimer and the mostly empty one is bb."
Oppenheimer Release Date: Why is it a day early at my local theatre?,"I'm fairly new to the world of film, and I'm really excited to watch Oppenheimer. I've been eagerly waiting for its release, and I just found out that my local theatre will be screening it on the 20th, a day before the official release date, which is on the 21st. I'm a bit confused about why this is happening and wanted to get some insights from you all.

Is it common for movies to have early screenings before the official release date? I've noticed that some films are occasionally released early in certain locations or theaters. Is there a particular reason behind this practice?",oppenheimer,AUDIENCE_EXPERIENCE,,AUDIENCE_EXPERIENCE,"oppenheimer release date: why is it a day early at my local theatre?. i'm fairly new to the world of film, and i'm really excited to watch oppenheimer. i've been eagerly waiting for its release, and i just found out that my local theatre will be screening it on the 20th, a day before the official release date, which is on the 21st. i'm a bit confused about why this is happening and wanted to get some insights from you all.

is it common for movies to have early screenings before the official release date? i've noticed that some films are occasionally released early in certain locations or theaters. is there a particular reason behind this practice?"
How to get better seats.,"I don't really ever go to the movies so I didn't know how quickly seats can sell out. I'd been looking forward to Oppenheimer for sol long but didn't realize I'd need to buy tickets in advance. I really want to watch the movie in AMC Lincoln square IMAX, so I just bought some tickets for Wednesday Aug 16, but got crap seats. Third row, almost all the way at the side. 

Is there any way to somehow get better seats like pay extra to people who may have bought multiple to sell? Or should I keep calling the theater to see if anyone has cancelled their seat?",oppenheimer,AUDIENCE_EXPERIENCE,,AUDIENCE_EXPERIENCE,"how to get better seats.. i don't really ever go to the movies so i didn't know how quickly seats can sell out. i'd been looking forward to oppenheimer for sol long but didn't realize i'd need to buy tickets in advance. i really want to watch the movie in amc lincoln square imax, so i just bought some tickets for wednesday aug 16, but got crap seats. third row, almost all the way at the side. 

is there any way to somehow get better seats like pay extra to people who may have bought multiple to sell? or should i keep calling the theater to see if anyone has cancelled their seat?"
What are some films that helped you grieve?,"My husband and I lost our cat yesterday morning after a years long struggle with various health conditions; and while our proclivity for media consumption is at an all time low during this period, eventually we’re going to be diving into movies again (in fact, we bought tickets to “Barbenheimer” weeks ago and are reluctantly going tomorrow), so now we are looking for some recommendations to help us during our grieving process when we eventually can find the focus at home to consume new content again.",barbie,AUDIENCE_EXPERIENCE,,AUDIENCE_EXPERIENCE,"what are some films that helped you grieve?. my husband and i lost our cat yesterday morning after a years long struggle with various health conditions; and while our proclivity for media consumption is at an all time low during this period, eventually we’re going to be diving into movies again (in fact, we bought tickets to “barbenheimer” weeks ago and are reluctantly going tomorrow), so now we are looking for some recommendations to help us during our grieving process when we eventually can find the focus at home to consume new content again."
Who feels movie boycotts?,"Hi folks. Sorry if this isn’t the correct community for this question, but I wasn’t really sure where else to ask.

Between the Writers and SAG strikes I’ve considered ways that I as a person who likes movies but doesn’t actually work in the film industry can show support for the labor.

My question is for movies that have already been made (e.g. Barbie or Oppenheimer) who feels the pain if I don’t get a ticket and see it in theaters where I otherwise would have?

Is there a more effective way to communicate to Studios that I as a consumer am unhappy with the way that they are behaving? I know that I am just a small voice, but I’d like to do my part while also hurting the people who need the resources the most the least (other film labor and possibly theater owners).",barbie,AUDIENCE_EXPERIENCE,,AUDIENCE_EXPERIENCE,"who feels movie boycotts?. hi folks. sorry if this isn’t the correct community for this question, but i wasn’t really sure where else to ask.

between the writers and sag strikes i’ve considered ways that i as a person who likes movies but doesn’t actually work in the film industry can show support for the labor.

my question is for movies that have already been made (e.g. barbie or oppenheimer) who feels the pain if i don’t get a ticket and see it in theaters where i otherwise would have?

is there a more effective way to communicate to studios that i as a consumer am unhappy with the way that they are behaving? i know that i am just a small voice, but i’d like to do my part while also hurting the people who need the resources the most the least (other film labor and possibly theater owners)."
Mission: Impossible – Dead Reckoning Part One Question,"I am going to see it tomorrow and I have one question.

Before the movie starts and right after the previews are we subjected to a short video with Tom Cruise explaining some stunts and telling us to enjoy the movie? Or a spoiler-filled behind the scenes thing showing all the stunts including the train?

I really, really hate this stuff. I love Cruise films, and Mission Impossible films too, just not this stuff, its eye rolling..",mission_impossible,AUDIENCE_EXPERIENCE,,AUDIENCE_EXPERIENCE,"mission: impossible – dead reckoning part one question. i am going to see it tomorrow and i have one question.

before the movie starts and right after the previews are we subjected to a short video with tom cruise explaining some stunts and telling us to enjoy the movie? or a spoiler-filled behind the scenes thing showing all the stunts including the train?

i really, really hate this stuff. i love cruise films, and mission impossible films too, just not this stuff, its eye rolling.."
"How come I can't hear movies in theaters very well, but I can hear the opening trailers clear as crystal?","Saw Mutant Mayhem the other day and could only make out every other word. That's how it usually is with me and movies and I used to worry if I was losing my hearing. 

But this time I noticed: Even though I couldn't hear the movie itself, I  heard every miserable word of that ""Trolls Band Together"" trailer. So is it just AMC, or are movies deliberately played quieter than the trailers?",tmnt,AUDIENCE_EXPERIENCE,,AUDIENCE_EXPERIENCE,"how come i can't hear movies in theaters very well, but i can hear the opening trailers clear as crystal?. saw mutant mayhem the other day and could only make out every other word. that's how it usually is with me and movies and i used to worry if i was losing my hearing. 

but this time i noticed: even though i couldn't hear the movie itself, i  heard every miserable word of that ""trolls band together"" trailer. so is it just amc, or are movies deliberately played quieter than the trailers?"
Mission Impossible WEIRD watch order,"Long story short I've watched all the Mission Impossible movies and they were all great. But over time since some are quiet old I have forgotten some bits and pieces and information from the movies. 

But I remember like characters who is dead, alive who does what etc etc. But I just can't be bothered watching all of them AGAIN before Dead Reckoning Part 1. 

So what I did was pretty interesting I watched the 3rd one again (the most important one) and then went to watch the NEW Dead Reckoning. Then after I had watched the 7th movie which was btw 10/10. 

I watched the 4th all the way up to the 6th and it honestly made them so much more FUN!, because I was like ""ohh that's why she does this"". ""This is how that happens..."" etc etc. I would honestly recommend it for anyone who can't be bothered rewatching them all because I hate watching movies again because I can vividly remember parts and it makes it boring and INSTEAD try this interesting weird watch order.

Let me know your opinions in the comments down below 

(as always keep it spoiler free for people who may have not seen the movies :))",mission_impossible,AUDIENCE_EXPERIENCE,,AUDIENCE_EXPERIENCE,"mission impossible weird watch order. long story short i've watched all the mission impossible movies and they were all great. but over time since some are quiet old i have forgotten some bits and pieces and information from the movies. 

but i remember like characters who is dead, alive who does what etc etc. but i just can't be bothered watching all of them again before dead reckoning part 1. 

so what i did was pretty interesting i watched the 3rd one again (the most important one) and then went to watch the new dead reckoning. then after i had watched the 7th movie which was btw 10/10. 

i watched the 4th all the way up to the 6th and it honestly made them so much more fun!, because i was like ""ohh that's why she does this"". ""this is how that happens..."" etc etc. i would honestly recommend it for anyone who can't be bothered rewatching them all because i hate watching movies again because i can vividly remember parts and it makes it boring and instead try this interesting weird watch order.

let me know your opinions in the comments down below 

(as always keep it spoiler free for people who may have not seen the movies :))"
Another person who doesn’t know movie theater etiquette,"Went to see Mission Impossible last night. Great movie, but a lot of my experience was made worse just because I sat next to the wrong person. 

So this girl sits beside me. Is on her phone for all the trailers, and I’m like “that’s ok but she better turn it off for the movie”. Movie starts, she’s on her phone. Almost never puts it away. She was on her phone for (I’m not exaggerating) 90% of the actual movie. 

During a certain important scene it gets almost silent, and all I hear is tap tap tap because of her nails hitting the screen texting. She didn’t even bother to look up at the screen for the big stunt. 

At one point I look over to see what’s so important. Snapchat. Granted this is a late 20s early 30s girl on SNAPCHAT. The whole movie. 

She would get up to leave like 4 different times, not caring about being loud. When she got back after 10+ minutes away doing who knows what, she’d plop her giant purse in the seat for everyone to hear. 

And you already know she left all her trash on the floor. Yep. Not even in the cup holders or the seat. The freaking floor. 

And you wanna know the craziest part? She was alone. Why in the world would you pay $20 for a prime-time seat at a prime-time time in the best theater in our city, just to be on Snapchat for 90% of the movie. 

Frick you.",mission_impossible,AUDIENCE_EXPERIENCE,,AUDIENCE_EXPERIENCE,"another person who doesn’t know movie theater etiquette. went to see mission impossible last night. great movie, but a lot of my experience was made worse just because i sat next to the wrong person. 

so this girl sits beside me. is on her phone for all the trailers, and i’m like “that’s ok but she better turn it off for the movie”. movie starts, she’s on her phone. almost never puts it away. she was on her phone for (i’m not exaggerating) 90% of the actual movie. 

during a certain important scene it gets almost silent, and all i hear is tap tap tap because of her nails hitting the screen texting. she didn’t even bother to look up at the screen for the big stunt. 

at one point i look over to see what’s so important. snapchat. granted this is a late 20s early 30s girl on snapchat. the whole movie. 

she would get up to leave like 4 different times, not caring about being loud. when she got back after 10+ minutes away doing who knows what, she’d plop her giant purse in the seat for everyone to hear. 

and you already know she left all her trash on the floor. yep. not even in the cup holders or the seat. the freaking floor. 

and you wanna know the craziest part? she was alone. why in the world would you pay $20 for a prime-time seat at a prime-time time in the best theater in our city, just to be on snapchat for 90% of the movie. 

frick you."
"Walked in about 8 minutes late to TMNT Mutant Mayhem, what did I miss (if anything)?","I pretty much walked in at the scene where the turtles were on the roof preparing to go on the corner store heist.

Now I’ve seen a clip of that scene on YT already so I don’t feel like I missed out on that part just what came before it? Or was that literally the beginning of the movie?

I felt kinda bad when I walked in and the movie was already playing (didn’t know the sneak previews didn’t show ads) so I ended up 8 minutes late, allegedly. Just wanna know what I missed.",tmnt,AUDIENCE_EXPERIENCE,,MISC_GENERAL_FILM,"walked in about 8 minutes late to tmnt mutant mayhem, what did i miss (if anything)?. i pretty much walked in at the scene where the turtles were on the roof preparing to go on the corner store heist.

now i’ve seen a clip of that scene on yt already so i don’t feel like i missed out on that part just what came before it? or was that literally the beginning of the movie?

i felt kinda bad when i walked in and the movie was already playing (didn’t know the sneak previews didn’t show ads) so i ended up 8 minutes late, allegedly. just wanna know what i missed."
Cinemas are equally to blame for poor boxoffice results,"With the 2023 slate under performing, the majority of talk on this sub has blamed poor quality films and high ticket prices. However after my Barbie experience this Saturday, I think the broader Cinema experience has been degraded to the point it is now actively putting people off. 

What do you think? My experience below: 


- partner and I decide to see Barbie opening weekend (this is the first time my partner has gone to a cinema since Covid). We choose the O2 in London, one of the largest cinemas in the capital 

- booking website is buggy and hard to navigate, constantly asking me to hand over private information 

- large queues for concessions, that's fine it's a Saturday. Except it is taking 5 minutes per customer (I timed it). 6 people infront of me leave the queue. I send my girlfriend to the seats so she doesn't miss the movie. After 30minutes I also leave the queue, no concessions, and having missed 10 mins of the movie. 

- everything is sticky, floors, walls, handles, seats. I don't think it had been cleaned in at least a week. 

- screen is blurry on left side, dark on the right. My 7 year old basic range TV is genuinely better quality. 

- constant noise and talking throughout the movie. I know this has always been an issue, but my god, I have never seen it this bad. 

- girlfriend was hit in the back of the head by teenagers whilst I was queuing. They were later kicked out and started a fight in the lobby. 


With the exception of the teenagers, all of these issues were caused by the cinema presumably in an effort to cut costs. Needless to say my girlfriend now has no interest in ever going to a cinema again, and I will probably wait to rent oppenheimer at home.",barbie,AUDIENCE_EXPERIENCE,,AUDIENCE_EXPERIENCE,"cinemas are equally to blame for poor boxoffice results. with the 2023 slate under performing, the majority of talk on this sub has blamed poor quality films and high ticket prices. however after my barbie experience this saturday, i think the broader cinema experience has been degraded to the point it is now actively putting people off. 

what do you think? my experience below: 


- partner and i decide to see barbie opening weekend (this is the first time my partner has gone to a cinema since covid). we choose the o2 in london, one of the largest cinemas in the capital 

- booking website is buggy and hard to navigate, constantly asking me to hand over private information 

- large queues for concessions, that's fine it's a saturday. except it is taking 5 minutes per customer (i timed it). 6 people infront of me leave the queue. i send my girlfriend to the seats so she doesn't miss the movie. after 30minutes i also leave the queue, no concessions, and having missed 10 mins of the movie. 

- everything is sticky, floors, walls, handles, seats. i don't think it had been cleaned in at least a week. 

- screen is blurry on left side, dark on the right. my 7 year old basic range tv is genuinely better quality. 

- constant noise and talking throughout the movie. i know this has always been an issue, but my god, i have never seen it this bad. 

- girlfriend was hit in the back of the head by teenagers whilst i was queuing. they were later kicked out and started a fight in the lobby. 


with the exception of the teenagers, all of these issues were caused by the cinema presumably in an effort to cut costs. needless to say my girlfriend now has no interest in ever going to a cinema again, and i will probably wait to rent oppenheimer at home."
Anyone else having a tough time feeling the need or even the want to see anything in the theaters these days?,"Reading about these Barbie/Oppenheimer predictions (no, I'm not calling it Barbenheimer, shut up, internet) and how they're expecting these to be a ""return to the theaters"" for people. 

But then I recall how every single blockbuster release, aside from Maverick, has been inaccurately predicting this for the last couple years, and each film has had a satisfactory or lukewarm opening weekend before fizzling out. 

Then, per usual, the studios seem shocked and find something to blame other than themselves. But could it be that people just don't feel like shelling out a lot of money only to be advertised to for a half an hour before slogging through a good looking but discardable 3 hour film? Especially when it will be streaming in two months anyways. 

I know this is the case for me. I don't feel compelled to go see movies that have no particular reason for existing except to make rich people richer. Studios and networks just keep churning out movies so forgettable that when you see it, you notice things happening, but almost immediately after it's over, it all just evaporates from your memory, and you never give it much thought about it ever again. This has been about 85% of the dreck that has been released in the last 5 years. 

I can easily wait to watch these banal and bland films from the comfort of my own home, where I have a giant screen and surround sound, along with my couch, my fridge/pantry, my toilet, and the ability to pause, or stop the movie outright if it is a complete suckfest (I'm looking at you, Ant-Man and the Wasp: Quantumania. I would have felt like a massive idiot spending 20+ bucks to walk out of this.)

Sure I'm interested in seeing Oppenheimer at some point, but I don't feel like I absolutely HAVE to see it in the theaters. Anyone else feeling like this? I mean, you MUST be based on all these poor box office performances haha",barbie,AUDIENCE_EXPERIENCE,,AUDIENCE_EXPERIENCE,"anyone else having a tough time feeling the need or even the want to see anything in the theaters these days?. reading about these barbie/oppenheimer predictions (no, i'm not calling it barbenheimer, shut up, internet) and how they're expecting these to be a ""return to the theaters"" for people. 

but then i recall how every single blockbuster release, aside from maverick, has been inaccurately predicting this for the last couple years, and each film has had a satisfactory or lukewarm opening weekend before fizzling out. 

then, per usual, the studios seem shocked and find something to blame other than themselves. but could it be that people just don't feel like shelling out a lot of money only to be advertised to for a half an hour before slogging through a good looking but discardable 3 hour film? especially when it will be streaming in two months anyways. 

i know this is the case for me. i don't feel compelled to go see movies that have no particular reason for existing except to make rich people richer. studios and networks just keep churning out movies so forgettable that when you see it, you notice things happening, but almost immediately after it's over, it all just evaporates from your memory, and you never give it much thought about it ever again. this has been about 85% of the dreck that has been released in the last 5 years. 

i can easily wait to watch these banal and bland films from the comfort of my own home, where i have a giant screen and surround sound, along with my couch, my fridge/pantry, my toilet, and the ability to pause, or stop the movie outright if it is a complete suckfest (i'm looking at you, ant-man and the wasp: quantumania. i would have felt like a massive idiot spending 20+ bucks to walk out of this.)

sure i'm interested in seeing oppenheimer at some point, but i don't feel like i absolutely have to see it in the theaters. anyone else feeling like this? i mean, you must be based on all these poor box office performances haha"
Opinions on multi-part movies?,"Recently I saw both 'Mission Impossible Dead Reckoning' and 'Across the Spider verse' and a thought came to mind. The movies do not have good endings. 

Don't get me wrong, sequels are great but those movies have satisfying conclusions meanwhile multi-parters like mission impossible have such a weird ending. I would not mind if they extended the run time by 1 hour to include the final act.

Overall, I think these films need to either extend their runtime or finish with a more satisfying conclusion.
I feel like the movies are suffering quality wise due to their conclusions and are worse off as a result.

What do you guys think about these 2/3 part movies? Do you have suggestions for how to improve the problems or are the films fine?",mission_impossible,AUDIENCE_EXPERIENCE,,MISC_GENERAL_FILM,"opinions on multi-part movies?. recently i saw both 'mission impossible dead reckoning' and 'across the spider verse' and a thought came to mind. the movies do not have good endings. 

don't get me wrong, sequels are great but those movies have satisfying conclusions meanwhile multi-parters like mission impossible have such a weird ending. i would not mind if they extended the run time by 1 hour to include the final act.

overall, i think these films need to either extend their runtime or finish with a more satisfying conclusion.
i feel like the movies are suffering quality wise due to their conclusions and are worse off as a result.

what do you guys think about these 2/3 part movies? do you have suggestions for how to improve the problems or are the films fine?"
Forgetting plot points,I saw Oppenheimer on Saturday and Im already forgetting some details of the movies like if Einstein wrote a letter to the president telling him to make an atomic bomb or not make an atomic bomb and the entire situation regarding the soviets making a bomb. Is this normal or is there something wrong with my mind?,oppenheimer,AUDIENCE_EXPERIENCE,,AUDIENCE_EXPERIENCE,forgetting plot points. i saw oppenheimer on saturday and im already forgetting some details of the movies like if einstein wrote a letter to the president telling him to make an atomic bomb or not make an atomic bomb and the entire situation regarding the soviets making a bomb. is this normal or is there something wrong with my mind?
Should I be concerned about Oppenheimer 70mm IMAX seating in the fifth row? These memes of Cillian Murphy with a huge head are stifling my expectations (lol),"There are some memes regarding the quality of closer viewings of the screen in IMAX, I’d link them but the sub wont allow it. A simple “Oppenheimer imax meme” search will show you what I mean.",oppenheimer,AUDIENCE_EXPERIENCE,,,"should i be concerned about oppenheimer 70mm imax seating in the fifth row? these memes of cillian murphy with a huge head are stifling my expectations (lol). there are some memes regarding the quality of closer viewings of the screen in imax, i’d link them but the sub wont allow it. a simple “oppenheimer imax meme” search will show you what i mean."
Observation about Barbie,"This might just be an anecdotal observation about Barbie that has no affect on BO, but I figured I'd note it here anyway just in case anyone else noticed similar sentiments in the GA.

My sister (21) is solidly GA. She never goes to movies more than once. But she just told me that she bought tickets to see Barbie again today. We just saw it two days ago.

I'm not sure if this is just a fluke with my sister, but if more people are seeing Barbie multiple times, that means better legs. Has anyone else heard similar stories?

**EDIT \*24 hours later\*: She just bought tickets again for tomorrow. Her third time. I don't think that she's ever seen a movie three times in theaters ever.**",barbie,AUDIENCE_EXPERIENCE,,,"observation about barbie. this might just be an anecdotal observation about barbie that has no affect on bo, but i figured i'd note it here anyway just in case anyone else noticed similar sentiments in the ga.

my sister (21) is solidly ga. she never goes to movies more than once. but she just told me that she bought tickets to see barbie again today. we just saw it two days ago.

i'm not sure if this is just a fluke with my sister, but if more people are seeing barbie multiple times, that means better legs. has anyone else heard similar stories?

**edit \*24 hours later\*: she just bought tickets again for tomorrow. her third time. i don't think that she's ever seen a movie three times in theaters ever.**"
Anyone want 1 ticket to Oppenheimer in 70mm IMAX tomorrow at Regal Mall of Georgia?,"I thought I had purchased a ticket for the 10:40am showing of Oppenheimer today, but it turns out it was actually for Sunday 23 July. I drove two and a half hours to Buford GA this morning and I definitely didn't want to repeat that again tomorrow, but luckily they had one handicap seat available in the far corner of the theater for today's showing. But I still have my ticket (F-19, an outstanding seat) for tomorrow which will go unused. The guy at the counter just told me to request a refund through the site/app but I figured since every showing has been sold out for like a month (there are only a dozen theaters in the US playing Oppenheimer in 70mm IMAX) that maybe I should just reach out and find someone who didn't get the chance to reserve a ticket in time.

If you want it, feel free to comment/PM.",oppenheimer,AUDIENCE_EXPERIENCE,,,"anyone want 1 ticket to oppenheimer in 70mm imax tomorrow at regal mall of georgia?. i thought i had purchased a ticket for the 10:40am showing of oppenheimer today, but it turns out it was actually for sunday 23 july. i drove two and a half hours to buford ga this morning and i definitely didn't want to repeat that again tomorrow, but luckily they had one handicap seat available in the far corner of the theater for today's showing. but i still have my ticket (f-19, an outstanding seat) for tomorrow which will go unused. the guy at the counter just told me to request a refund through the site/app but i figured since every showing has been sold out for like a month (there are only a dozen theaters in the us playing oppenheimer in 70mm imax) that maybe i should just reach out and find someone who didn't get the chance to reserve a ticket in time.

if you want it, feel free to comment/pm."
Can a 13 year old watch Oppenheimer?,"im 13 and i wanna watch oppenheimer, i heard at my age i need to go with a adult, which would probably be my mom, the thing is i heard there are some inappropriate scenes but im not sure. i dont care about any of that, but my mom would give me a 3 hour lecture on why i wanted to watch a movie with a “naughty” scene. if someone can tell me what i can tell to her or if i can just go alright, thanks.",oppenheimer,AUDIENCE_EXPERIENCE,,,"can a 13 year old watch oppenheimer?. im 13 and i wanna watch oppenheimer, i heard at my age i need to go with a adult, which would probably be my mom, the thing is i heard there are some inappropriate scenes but im not sure. i dont care about any of that, but my mom would give me a 3 hour lecture on why i wanted to watch a movie with a “naughty” scene. if someone can tell me what i can tell to her or if i can just go alright, thanks."
The effects movies have on my life,It’s funny how different movies effect me. Oppenheimer made me ponder mortality. Eternal Sunshine made me depressed. La La Land made me depressed. An officer and a gentleman made me depressed. Everything everywhere all at once made me put google eyes on all the appliances at my job. Jojo Rabbit made me depressed.,oppenheimer,AUDIENCE_EXPERIENCE,,,the effects movies have on my life. it’s funny how different movies effect me. oppenheimer made me ponder mortality. eternal sunshine made me depressed. la la land made me depressed. an officer and a gentleman made me depressed. everything everywhere all at once made me put google eyes on all the appliances at my job. jojo rabbit made me depressed.
"For people watching Barbie or Oppenheimer, could you tell us what trailers were playing?",See title,barbie,AUDIENCE_EXPERIENCE,,,"for people watching barbie or oppenheimer, could you tell us what trailers were playing?. see title"
Every good seat of Barbie and Oppenheimer within a 5 mile radius is sold out for the weekend.,"The only viable option for both movies are the 9:30am and 10am shows on Sunday morning, and Oppenheimer at 10:30pm on Sunday. All the other options (reserved seating), the only availability is first or second row, or all the way in the back. There are scattered single seats, but I'm bringing a companion. 

I'm in a major metropolitan area 

I think these films are going to crush expectations. Expect big numbers.",barbie,AUDIENCE_EXPERIENCE,,,"every good seat of barbie and oppenheimer within a 5 mile radius is sold out for the weekend.. the only viable option for both movies are the 9:30am and 10am shows on sunday morning, and oppenheimer at 10:30pm on sunday. all the other options (reserved seating), the only availability is first or second row, or all the way in the back. there are scattered single seats, but i'm bringing a companion. 

i'm in a major metropolitan area 

i think these films are going to crush expectations. expect big numbers."
Does anybody every what a film and think I’m watching something awesome here I just don’t completely get it?,I watched Syrian a couple of times and thought this is a good film I just don’t completely understand the politics of the movie. I watched Oppenheimer yday and know feck all about physics atoms neutrons etc but a Nolan film gives a Nolan experience and I left feeling I watched top film from a top auteur. Of course with the latter I consider the sound the composition the acting and everything u get with a Nolan film usually. Although tv mr robot was a fantastic show but I was completely David lynch’d in season 2 that even tho some of its explain in later seasons didn’t completely get everything. Does this happen to anybody else and if so what films?,oppenheimer,AUDIENCE_EXPERIENCE,,,does anybody every what a film and think i’m watching something awesome here i just don’t completely get it?. i watched syrian a couple of times and thought this is a good film i just don’t completely understand the politics of the movie. i watched oppenheimer yday and know feck all about physics atoms neutrons etc but a nolan film gives a nolan experience and i left feeling i watched top film from a top auteur. of course with the latter i consider the sound the composition the acting and everything u get with a nolan film usually. although tv mr robot was a fantastic show but i was completely david lynch’d in season 2 that even tho some of its explain in later seasons didn’t completely get everything. does this happen to anybody else and if so what films?
How to be able to understand oppenheimer? Or is it just not for me?,"I watched oppenheimer right on the launch day. Being a nolan fan, I had booked tickets in advance and was extremely thrilled for the movie due to the cast and obviously nolan.But i left the theater really disappointed, all my expectations were shattered. The three hours were extremely tedious, Had absolutely no clue what was happening. The movie being dialogue-intensive certainly did not helo and i had no clue what most of them were talking about. I totally lost touch, Perhaps because I lost concentration somewhere during the start? I thought this movie was flawed.But i was not certain about this at all because it is impossible for christopher nolan to make a movie as bad as it seemed to me. I thought everybody must be of the same opinion. BUT that wasn't really the case, everybody seemed to be blown away from the movie and even the folks who were expecting an action packed movie loved the dialogues,too. Everyone said this movie was presented in an amazing way. I,too, absolutely loved the trinity test along with the amazing background music from Ludwig. But unfortunately nothing much before or after the trinity test seemed intriguing to me. Regardless, I turned out to be right, Most of the hardcore nolan fans loved the movie and it was probably just due to my lack of concentration that i totally lost touch . So, i booked another ticket for tuesday but am really nervous that i might not be able to understand it again. Cannk get some tips so i can follow the movie properly? All the other nolan movies ive watched had to rewind them quite a few times.I watched oppenheimer right on the launch day. Being a nolan fan, I had booked tickets in advance and was extremely thrilled for the movie due to the cast and obviously nolan.But i left the theater really disappointed, all my expectations were shattered. The three hours were extremely tedious, Had absolutely no clue what was happening. The movie being dialogue-intensive certainly did not help and i had no clue what most of the dialogues were about. I totally lost touch, Perhaps because I lost concentration somewhere during the start? I thought this movie was flawed.But i was not ready to believe this at all because it is impossible for a christopher nolan movie to be as bad as it seemed to me. I thought everybody must be of the same opinion. BUT that wasn't really the case, everybody seemed to be blown away from the movie and even the folks who were expecting an action packed movie loved the dialogues,too. Everyone said this movie was presented in an amazing way. I,too, absolutely loved the trinity test along with the amazing background music from Ludwig. But unfortunately nothing much before or after the trinity test seemed intriguing to me. Regardless, I turned out to be right, Most of the hardcore nolan fans loved the movie and it was probably just due to my lack of concentration that i totally lost touch . So, i booked another ticket for tuesday but am really nervous that i might not be able to understand it again. Cannk get some tips so i can follow the movie properly? All the other nolan movies ive watched had to rewind them quite a few times.",oppenheimer,AUDIENCE_EXPERIENCE,,,"how to be able to understand oppenheimer? or is it just not for me?. i watched oppenheimer right on the launch day. being a nolan fan, i had booked tickets in advance and was extremely thrilled for the movie due to the cast and obviously nolan.but i left the theater really disappointed, all my expectations were shattered. the three hours were extremely tedious, had absolutely no clue what was happening. the movie being dialogue-intensive certainly did not helo and i had no clue what most of them were talking about. i totally lost touch, perhaps because i lost concentration somewhere during the start? i thought this movie was flawed.but i was not certain about this at all because it is impossible for christopher nolan to make a movie as bad as it seemed to me. i thought everybody must be of the same opinion. but that wasn't really the case, everybody seemed to be blown away from the movie and even the folks who were expecting an action packed movie loved the dialogues,too. everyone said this movie was presented in an amazing way. i,too, absolutely loved the trinity test along with the amazing background music from ludwig. but unfortunately nothing much before or after the trinity test seemed intriguing to me. regardless, i turned out to be right, most of the hardcore nolan fans loved the movie and it was probably just due to my lack of concentration that i totally lost touch . so, i booked another ticket for tuesday but am really nervous that i might not be able to understand it again. cannk get some tips so i can follow the movie properly? all the other nolan movies ive watched had to rewind them quite a few times.i watched oppenheimer right on the launch day. being a nolan fan, i had booked tickets in advance and was extremely thrilled for the movie due to the cast and obviously nolan.but i left the theater really disappointed, all my expectations were shattered. the three hours were extremely tedious, had absolutely no clue what was happening. the movie being dialogue-intensive certainly did not help and i had no clue what most of the dialogues were about. i totally lost touch, perhaps because i lost concentration somewhere during the start? i thought this movie was flawed.but i was not ready to believe this at all because it is impossible for a christopher nolan movie to be as bad as it seemed to me. i thought everybody must be of the same opinion. but that wasn't really the case, everybody seemed to be blown away from the movie and even the folks who were expecting an action packed movie loved the dialogues,too. everyone said this movie was presented in an amazing way. i,too, absolutely loved the trinity test along with the amazing background music from ludwig. but unfortunately nothing much before or after the trinity test seemed intriguing to me. regardless, i turned out to be right, most of the hardcore nolan fans loved the movie and it was probably just due to my lack of concentration that i totally lost touch . so, i booked another ticket for tuesday but am really nervous that i might not be able to understand it again. cannk get some tips so i can follow the movie properly? all the other nolan movies ive watched had to rewind them quite a few times."
Eating in the movies…,"Oppenheimer
I told my friend that the movie is serious and you can’t eat while watching it in my opinion. So do you agree? I think you absolutely should not eat at a movie like that because I have anger issues with this.
And why you you should EAT! Whyyyyy this ruins the experience!!!!!! Bro I want to punch this screen soooo baddd and like you don’t have food at homeee??? Like ur so hung… I stopped there because if I continue I will not stop.",oppenheimer,AUDIENCE_EXPERIENCE,,,"eating in the movies…. oppenheimer
i told my friend that the movie is serious and you can’t eat while watching it in my opinion. so do you agree? i think you absolutely should not eat at a movie like that because i have anger issues with this.
and why you you should eat! whyyyyy this ruins the experience!!!!!! bro i want to punch this screen soooo baddd and like you don’t have food at homeee??? like ur so hung… i stopped there because if i continue i will not stop."
Oppenheimer R Rating.,"So I’m wondering if i can take my 12 year old son to see this. We were very excited about it but I’ve heard there were some “graphic” sex scenes that lasted a long time. I’m fine with some nudity and sex  but i don’t want to sit through Monsters Ball with my kid. Can someone who has seen it give me a realistic sense of how much sex and nudity, how graphic it is and more importantly for how long it lasts?

Thanks in advance.",oppenheimer,AUDIENCE_EXPERIENCE,,,"oppenheimer r rating.. so i’m wondering if i can take my 12 year old son to see this. we were very excited about it but i’ve heard there were some “graphic” sex scenes that lasted a long time. i’m fine with some nudity and sex  but i don’t want to sit through monsters ball with my kid. can someone who has seen it give me a realistic sense of how much sex and nudity, how graphic it is and more importantly for how long it lasts?

thanks in advance."
Some old man was sitting alone watching Barbie and he took a picture of me and my friends.,"Let me start this out by saying me and all of my friends are 16 year old males. We went to see Barbie together in fancy clothes yesterday because we thought it'd be funny if a group of 16 year old boys showed up in dress clothes you would typically see at weddings or job interviews. 

We get to the theater and were joking around during previews. Then the movie starts. This opening theme song is playing after the first narrated part and we're laughing a little bit but mostly whispering. Then we here ""hey fellas"" and we look in front of us and it's this old ass man maybe 60 or 70 years old just staring at us and he says in the creepiest way imaginable ""thrn it down boys"".

We just stared at him for 15 seconds and he stared back again in the creepiest way possible. I'm pretty sure I missed a close up of Margot Robbie's ass so that sucks.

Also, yes, we did quiet down after. We weren't being loud before but we were even quieter.

But yeah he didn't say anything to us for the rest of the movie. But at one point the dude just slides his phone behind the seat, and his flash comes on. He jumps up like he was scared, and scrambles with his phone for about 10 seconds. Luckily I was staring at the movie during a shot of Margot Robbie spilling water on her tits which was impeccable but other than that another 6 seconds of this cinematic masterpiece missed.

I kid you not. After fumbling with his phone. This dude goes to take another picture. This time without flash, right? WRONG. Flash goes on again and this dude jumped up and slammed his phone down and didn't touch it for the rest of the movie.

This was the point when the friend next to me turned and said ""this dude is deadass sitting alone"" and sure enough this random old man was sitting by himself in the theater watching Barbie a day before the official release date. He wasn't dressed up. It wasn't a funny thing, clearly because he didn't smile once the whole movie. I checked with the others this dude was straight faced the whole movie even during the legendary ""I'm Just Ken"" and every scene where Barbie was running.

Credits roll. No hesitation this mf just gets up from his seat and slowly jogs out of the theater. Spills a bit of popcorn and I think some of his soda but he didn't give a damn he just kept going.

So, random old man sitting alone watching Barbie, can you please send me, the kid in the tie, the two pictures you took of me and the boys? I need a good laugh after the gut wrenchingly sad ""Barbie (2023)"".",barbie,AUDIENCE_EXPERIENCE,,,"some old man was sitting alone watching barbie and he took a picture of me and my friends.. let me start this out by saying me and all of my friends are 16 year old males. we went to see barbie together in fancy clothes yesterday because we thought it'd be funny if a group of 16 year old boys showed up in dress clothes you would typically see at weddings or job interviews. 

we get to the theater and were joking around during previews. then the movie starts. this opening theme song is playing after the first narrated part and we're laughing a little bit but mostly whispering. then we here ""hey fellas"" and we look in front of us and it's this old ass man maybe 60 or 70 years old just staring at us and he says in the creepiest way imaginable ""thrn it down boys"".

we just stared at him for 15 seconds and he stared back again in the creepiest way possible. i'm pretty sure i missed a close up of margot robbie's ass so that sucks.

also, yes, we did quiet down after. we weren't being loud before but we were even quieter.

but yeah he didn't say anything to us for the rest of the movie. but at one point the dude just slides his phone behind the seat, and his flash comes on. he jumps up like he was scared, and scrambles with his phone for about 10 seconds. luckily i was staring at the movie during a shot of margot robbie spilling water on her tits which was impeccable but other than that another 6 seconds of this cinematic masterpiece missed.

i kid you not. after fumbling with his phone. this dude goes to take another picture. this time without flash, right? wrong. flash goes on again and this dude jumped up and slammed his phone down and didn't touch it for the rest of the movie.

this was the point when the friend next to me turned and said ""this dude is deadass sitting alone"" and sure enough this random old man was sitting by himself in the theater watching barbie a day before the official release date. he wasn't dressed up. it wasn't a funny thing, clearly because he didn't smile once the whole movie. i checked with the others this dude was straight faced the whole movie even during the legendary ""i'm just ken"" and every scene where barbie was running.

credits roll. no hesitation this mf just gets up from his seat and slowly jogs out of the theater. spills a bit of popcorn and i think some of his soda but he didn't give a damn he just kept going.

so, random old man sitting alone watching barbie, can you please send me, the kid in the tie, the two pictures you took of me and the boys? i need a good laugh after the gut wrenchingly sad ""barbie (2023)""."
How to consume Oppenheimer better in theatre,"English isn't my native language, but I'm quite fluent in it. 

However, with fast-paced dialogue delivery like Aaron Sorkin's, I struggle to understand about 30% of the dialogues. I love Aaron Sorkin's work, but I usually watch his movies with subtitles and a pause spacebar in hand. ""The Social Network"" is one of my favourites.

I'm really excited for Oppenheimer, which is said to be similar to The Social Network in many ways. I'll be watching it on IMAX this weekend. Any tips on how I can better enjoy it?

&amp;#x200B;

1. Should I read up on Oppenheimer's life and work? 
2. Familiarise myself with the characters and their roles in the movie? 
3. Are the dialogues fast-paced, or are the music scores affecting comprehension?

 Thank you

&amp;#x200B;",oppenheimer,AUDIENCE_EXPERIENCE,,,"how to consume oppenheimer better in theatre. english isn't my native language, but i'm quite fluent in it. 

however, with fast-paced dialogue delivery like aaron sorkin's, i struggle to understand about 30% of the dialogues. i love aaron sorkin's work, but i usually watch his movies with subtitles and a pause spacebar in hand. ""the social network"" is one of my favourites.

i'm really excited for oppenheimer, which is said to be similar to the social network in many ways. i'll be watching it on imax this weekend. any tips on how i can better enjoy it?

&amp;#x200b;

1. should i read up on oppenheimer's life and work? 
2. familiarise myself with the characters and their roles in the movie? 
3. are the dialogues fast-paced, or are the music scores affecting comprehension?

 thank you

&amp;#x200b;"
Going alone to the movies,I used to love going to the movies alone before I had a girlfriend but it was more fun going with a girlfriend.  But I an single again and think movies alone will do me good but I tried it and I get depressed but I do want to see Oppenheimer and that Trafficking movie . But movies are so expensive and I stream a lot now.  Do people here go to the movies alone?,oppenheimer,AUDIENCE_EXPERIENCE,,,going alone to the movies. i used to love going to the movies alone before i had a girlfriend but it was more fun going with a girlfriend.  but i an single again and think movies alone will do me good but i tried it and i get depressed but i do want to see oppenheimer and that trafficking movie . but movies are so expensive and i stream a lot now.  do people here go to the movies alone?
Does anybody rewatch movies in a franchise before the new one comes out?,So I went out to see the new Mission Impossible with my friends and hadn't seen any MI film before it and I thought I would be confused because I didn't know any of the previous characters or plot lines but I kinda got the gist of things so my question is do any of you guys fully watch previous films in a franchise before the new ones come out or just go in without watching them?,mission_impossible,AUDIENCE_EXPERIENCE,,,does anybody rewatch movies in a franchise before the new one comes out?. so i went out to see the new mission impossible with my friends and hadn't seen any mi film before it and i thought i would be confused because i didn't know any of the previous characters or plot lines but i kinda got the gist of things so my question is do any of you guys fully watch previous films in a franchise before the new ones come out or just go in without watching them?
Movies where its either completely necessary or just beneficial to watch a second time in order to get the complete experience?,"Hi.

Hope you’re doing well.

Inception has so much attention to detail and very subtle elements in every scene that enhances Christopher Nolan’s reputation as a visual storyteller and it is very unique in many ways. It’s probably my favorite Nolan film and it’s the kind of film I would describe as essential if you’re a fan of cinema.

But your answers to this question don’t necessarily have to be at the scale of Inception. It could be an indie film where you learned something the second time you didn’t notice the first time.

Your answers could also just include films from any genre where you can see the movie from a totally different perspective the second time (or third or fourth time, if pushing it), especially if there’s more than one kind of character in the movie that you or a family member or friend you’re watching it with relate to.

What are other movies where its either completely necessary or just beneficial to watch a second time in order to get a more complete or rewarding experience?",oppenheimer,AUDIENCE_EXPERIENCE,,,"movies where its either completely necessary or just beneficial to watch a second time in order to get the complete experience?. hi.

hope you’re doing well.

inception has so much attention to detail and very subtle elements in every scene that enhances christopher nolan’s reputation as a visual storyteller and it is very unique in many ways. it’s probably my favorite nolan film and it’s the kind of film i would describe as essential if you’re a fan of cinema.

but your answers to this question don’t necessarily have to be at the scale of inception. it could be an indie film where you learned something the second time you didn’t notice the first time.

your answers could also just include films from any genre where you can see the movie from a totally different perspective the second time (or third or fourth time, if pushing it), especially if there’s more than one kind of character in the movie that you or a family member or friend you’re watching it with relate to.

what are other movies where its either completely necessary or just beneficial to watch a second time in order to get a more complete or rewarding experience?"
What movie should I see next week?,"Because I have three little kids at home, I’m only allowed to go to one movie a week. I go on Tuesdays for Regal value day. I’m stuck between three options for this Tuesday (July 11th):

1. Mission Impossible. 
This is the one I most want to see, and it would be cool to see it right when it releases, but I suspect it will be a big hit and I could get a chance to see it in a later week.

2. Insidious 5.
I have really enjoyed the Insidious movies, and like watching horror movies in theaters because the scares feel more visceral. I’m worried if I wait for another week it won’t be in many theaters.

3. Indiana Jones
Indiana has always been my hero, and I wore a fedora and was nicknamed “Indy” as a teenager for a while. I have heard from some sources that this movie is very bad, and I don’t want my image of Indy to be tainted, but still - it’s Indiana Jones. I wanna see it in theaters. But since I’ve heard it’s a flop, I’m also worried it won’t be in theaters long. 

So what do you recommend I should see this week? Thanks in advance for your help, and please avoid all spoilers - I hate spoilers so much I try to avoid watching trailers.",mission_impossible,AUDIENCE_EXPERIENCE,,,"what movie should i see next week?. because i have three little kids at home, i’m only allowed to go to one movie a week. i go on tuesdays for regal value day. i’m stuck between three options for this tuesday (july 11th):

1. mission impossible. 
this is the one i most want to see, and it would be cool to see it right when it releases, but i suspect it will be a big hit and i could get a chance to see it in a later week.

2. insidious 5.
i have really enjoyed the insidious movies, and like watching horror movies in theaters because the scares feel more visceral. i’m worried if i wait for another week it won’t be in many theaters.

3. indiana jones
indiana has always been my hero, and i wore a fedora and was nicknamed “indy” as a teenager for a while. i have heard from some sources that this movie is very bad, and i don’t want my image of indy to be tainted, but still - it’s indiana jones. i wanna see it in theaters. but since i’ve heard it’s a flop, i’m also worried it won’t be in theaters long. 

so what do you recommend i should see this week? thanks in advance for your help, and please avoid all spoilers - i hate spoilers so much i try to avoid watching trailers."
"Speaking of Nolan, I cannot watch Interstellar again (spoilers).","First time I watched it (not long after release) I was in awe and just took it all in, loved it. After all these years, I watched it again and I think that will be the last time. The interaction/story between him and Murph just destroyed me. It's the backbone of the movie but also something that just ruins it for me now. 

His intense regret at leaving her and pleading with his past self to stay. Her having to basically wait her entire life knowing he was out there in the universe somewhere and wondering if she'd see him again.

And then finally being reunited, basically strangers to each other and Coop is literally a stranger to his descendants. I was emotionally destroyed when she told him to go because no parent should have to watch their children die. 

I also thought that scene was written/acted brilliantly. When I first watched it I felt like they were surprisingly unemotional, especially Cooper considering how much he broke down after seeing video footage of his kids after 20+ years on that planet. But upon re-watch it was brilliant because they were basically strangers at this point. Cooper was seeing this old lady on her deathbed, and Murph a father she hadn't seen since childhood as a 30-something man. There was love but also this unspoken barrier between them.",oppenheimer,AUDIENCE_EXPERIENCE,,,"speaking of nolan, i cannot watch interstellar again (spoilers).. first time i watched it (not long after release) i was in awe and just took it all in, loved it. after all these years, i watched it again and i think that will be the last time. the interaction/story between him and murph just destroyed me. it's the backbone of the movie but also something that just ruins it for me now. 

his intense regret at leaving her and pleading with his past self to stay. her having to basically wait her entire life knowing he was out there in the universe somewhere and wondering if she'd see him again.

and then finally being reunited, basically strangers to each other and coop is literally a stranger to his descendants. i was emotionally destroyed when she told him to go because no parent should have to watch their children die. 

i also thought that scene was written/acted brilliantly. when i first watched it i felt like they were surprisingly unemotional, especially cooper considering how much he broke down after seeing video footage of his kids after 20+ years on that planet. but upon re-watch it was brilliant because they were basically strangers at this point. cooper was seeing this old lady on her deathbed, and murph a father she hadn't seen since childhood as a 30-something man. there was love but also this unspoken barrier between them."
Going to see Oppenheimer tonight,"Going to see Oppenheimer tonight, looking forward to it",oppenheimer,AUDIENCE_EXPERIENCE,,,"going to see oppenheimer tonight. going to see oppenheimer tonight, looking forward to it"
Do I need to watch all 6 Mission impossible movies before Dead Reckoning?,"Been seeing nothing but praise and positive reviews for Dead Reckoning, and really the mission impossible franchise as a whole.

I’ve been meaning to watch the movies for the longest but never ended up getting around to them. Idk if it’s because of time or because of the amount of movies I’d have to catch up on but I’ve just never gotten around to it.

Do I need to see all 6 previous films? Should I start at a specific one? Curious to know y’all’s perspective. I really wanna see this new one since it looks really cool and reviews are raving, but I don’t wanna just hop into the 7th entry to a franchise.",mission_impossible,AUDIENCE_EXPERIENCE,,,"do i need to watch all 6 mission impossible movies before dead reckoning?. been seeing nothing but praise and positive reviews for dead reckoning, and really the mission impossible franchise as a whole.

i’ve been meaning to watch the movies for the longest but never ended up getting around to them. idk if it’s because of time or because of the amount of movies i’d have to catch up on but i’ve just never gotten around to it.

do i need to see all 6 previous films? should i start at a specific one? curious to know y’all’s perspective. i really wanna see this new one since it looks really cool and reviews are raving, but i don’t wanna just hop into the 7th entry to a franchise."
